{"DarrellHenderson":{"AnyTime Touchdown Scorer":0.5348837209302325,"ToScore 2+ Touchdowns":0.16666666666666666,"PlayerReceiving Yds":13.095238095238097,"PlayerRushing Yds":56.04761904761905},"RobertWoods":{"AnyTime Touchdown Scorer":0.4444444444444444,"ToScore 2+ Touchdowns":0.1111111111111111,"PlayerReceiving Yds":65.47619047619048},"DavidMontgomery":{"AnyTime Touchdown Scorer":0.4166666666666667,"ToScore 2+ Touchdowns":0.09523809523809523,"PlayerReceiving Yds":21.476190476190474,"PlayerRushing Yds":52.90476190476191},"CooperKupp":{"AnyTime Touchdown Scorer":0.4,"ToScore 2+ Touchdowns":0.09090909090909091,"PlayerReceiving Yds":66.52380952380952},"SonyMichel":{"AnyTime Touchdown Scorer":0.3508771929824561,"ToScore 2+ Touchdowns":0.07692307692307693,"PlayerRushing Yds":36.1355643788996},"TylerHigbee":{"AnyTime Touchdown Scorer":0.3508771929824561,"ToScore 2+ Touchdowns":0.06666666666666667},"AllenRobinson":{"AnyTime Touchdown Scorer":0.3448275862068966,"ToScore 2+ Touchdowns":0.06666666666666667,"PlayerReceiving Yds":65.47619047619048},"DeSeanJackson":{"AnyTime Touchdown Scorer":0.2857142857142857,"ToScore 2+ Touchdowns":0.047619047619047616},"ColeKmet":{"AnyTime Touchdown Scorer":0.2127659574468085,"ToScore 2+ Touchdowns":0.02857142857142857,"PlayerReceiving Yds":26.714285714285715},"DarnellMooney":{"AnyTime Touchdown Scorer":0.18518518518518517,"ToScore 2+ Touchdowns":0.020833333333333332,"PlayerReceiving Yds":47.66666666666667},"DamienWilliams":{"AnyTime Touchdown Scorer":0.18181818181818182,"ToScore 2+ Touchdowns":0.017857142857142856},"JimmyGraham":{"AnyTime Touchdown Scorer":0.1694915254237288,"ToScore 2+ Touchdowns":0.017857142857142856},"LosAngeles Rams D/ST":{"AnyTime Touchdown Scorer":0.16666666666666666,"ToScore 2+ Touchdowns":0.014084507042253521},"VanJefferson":{"AnyTime Touchdown Scorer":0.14285714285714285,"ToScore 2+ Touchdowns":0.009900990099009901},"ChicagoD/ST":{"AnyTime Touchdown Scorer":0.125,"ToScore 2+ Touchdowns":0.009900990099009901},"MatthewStafford":{"AnyTime Touchdown Scorer":0.11764705882352941,"ToScore 2+ Touchdowns":0.009900990099009901,"PlayerPassing TDs":1.721149721149721,"PlayerPassing Yds":289.6666666666667},"MarquiseGoodwin":{"AnyTime Touchdown Scorer":0.11764705882352941,"ToScore 2+ Touchdowns":0.009900990099009901},"JakeFunk":{"AnyTime Touchdown Scorer":0.1111111111111111,"ToScore 2+ Touchdowns":0.009900990099009901},"TutuAtwell":{"AnyTime Touchdown Scorer":0.09523809523809523,"ToScore 2+ Touchdowns":0.009900990099009901},"KhalilHerbert":{"AnyTime Touchdown Scorer":0.08333333333333333,"ToScore 2+ Touchdowns":0.009900990099009901},"AndyDalton":{"AnyTime Touchdown Scorer":0.08333333333333333,"ToScore 2+ Touchdowns":0.009900990099009901,"PlayerRushing Yds":7.857142857142858,"PlayerPassing TDs":1.409445626836931,"PlayerPassing Yds":223.66666666666669},"JacobHarris":{"AnyTime Touchdown Scorer":0.06666666666666667,"ToScore 2+ Touchdowns":0.009900990099009901},"JohnnyMundt":{"AnyTime Touchdown Scorer":0.06666666666666667,"ToScore 2+ Touchdowns":0.009900990099009901},"BreshadPerriman":{"AnyTime Touchdown Scorer":0.0625,"ToScore 2+ Touchdowns":0.009900990099009901},"DamiereByrd":{"AnyTime Touchdown Scorer":0.0625,"ToScore 2+ Touchdowns":0.009900990099009901},"NsimbaWebster":{"AnyTime Touchdown Scorer":0.0625,"ToScore 2+ Touchdowns":0.009900990099009901},"BrycenHopkins":{"AnyTime Touchdown Scorer":0.058823529411764705},"JesseJames":{"AnyTime Touchdown Scorer":0.05555555555555555,"ToScore 2+ Touchdowns":0.009900990099009901}}