{"DarrellHenderson":{"AnyTime Touchdown Scorer":0.5348837209302325,"ToScore 2+ Touchdowns":0.16666666666666666,"PlayerReceiving Yds":13.095238095238097,"PlayerRushing Yds":56.04761904761905},"RobertWoods":{"AnyTime Touchdown Scorer":0.4444444444444444,"ToScore 2+ Touchdowns":0.1111111111111111,"PlayerReceiving Yds":65.47619047619048,"position":"WR","salary":6500},"DavidMontgomery":{"AnyTime Touchdown Scorer":0.4166666666666667,"ToScore 2+ Touchdowns":0.09523809523809523,"PlayerReceiving Yds":21.476190476190474,"PlayerRushing Yds":52.90476190476191,"position":"RB","salary":7100},"CooperKupp":{"AnyTime Touchdown Scorer":0.4,"ToScore 2+ Touchdowns":0.09090909090909091,"PlayerReceiving Yds":66.52380952380952,"position":"WR","salary":6200},"SonyMichel":{"AnyTime Touchdown Scorer":0.3508771929824561,"ToScore 2+ Touchdowns":0.07692307692307693,"PlayerRushing Yds":36.1355643788996,"position":"RB","salary":5200},"TylerHigbee":{"AnyTime Touchdown Scorer":0.3508771929824561,"ToScore 2+ Touchdowns":0.06666666666666667,"position":"TE","salary":5400},"AllenRobinson":{"AnyTime Touchdown Scorer":0.3448275862068966,"ToScore 2+ Touchdowns":0.06666666666666667,"PlayerReceiving Yds":65.47619047619048},"DeSeanJackson":{"AnyTime Touchdown Scorer":0.2857142857142857,"ToScore 2+ Touchdowns":0.047619047619047616,"position":"WR","salary":5300},"ColeKmet":{"AnyTime Touchdown Scorer":0.2127659574468085,"ToScore 2+ Touchdowns":0.02857142857142857,"PlayerReceiving Yds":26.714285714285715,"position":"TE","salary":5100},"DarnellMooney":{"AnyTime Touchdown Scorer":0.18518518518518517,"ToScore 2+ Touchdowns":0.020833333333333332,"PlayerReceiving Yds":47.66666666666667,"position":"WR","salary":5500},"DamienWilliams":{"AnyTime Touchdown Scorer":0.18181818181818182,"ToScore 2+ Touchdowns":0.017857142857142856,"position":"RB","salary":5000},"JimmyGraham":{"AnyTime Touchdown Scorer":0.1694915254237288,"ToScore 2+ Touchdowns":0.017857142857142856,"position":"TE","salary":5000},"LosAngeles Rams D/ST":{"AnyTime Touchdown Scorer":0.16666666666666666,"ToScore 2+ Touchdowns":0.014084507042253521},"VanJefferson":{"AnyTime Touchdown Scorer":0.14285714285714285,"ToScore 2+ Touchdowns":0.009900990099009901,"position":"WR","salary":4900},"ChicagoD/ST":{"AnyTime Touchdown Scorer":0.125,"ToScore 2+ Touchdowns":0.009900990099009901},"MatthewStafford":{"AnyTime Touchdown Scorer":0.11764705882352941,"ToScore 2+ Touchdowns":0.009900990099009901,"PlayerPassing TDs":1.721149721149721,"PlayerPassing Yds":289.6666666666667,"position":"QB","salary":0},"MarquiseGoodwin":{"AnyTime Touchdown Scorer":0.11764705882352941,"ToScore 2+ Touchdowns":0.009900990099009901,"position":"WR","salary":4700},"JakeFunk":{"AnyTime Touchdown Scorer":0.1111111111111111,"ToScore 2+ Touchdowns":0.009900990099009901,"position":"RB","salary":4600},"TutuAtwell":{"AnyTime Touchdown Scorer":0.09523809523809523,"ToScore 2+ Touchdowns":0.009900990099009901,"position":"WR","salary":4600},"KhalilHerbert":{"AnyTime Touchdown Scorer":0.08333333333333333,"ToScore 2+ Touchdowns":0.009900990099009901,"position":"RB","salary":4600},"AndyDalton":{"AnyTime Touchdown Scorer":0.08333333333333333,"ToScore 2+ Touchdowns":0.009900990099009901,"PlayerRushing Yds":7.857142857142858,"PlayerPassing TDs":1.409445626836931,"PlayerPassing Yds":223.66666666666669,"position":"QB","salary":0},"JacobHarris":{"AnyTime Touchdown Scorer":0.06666666666666667,"ToScore 2+ Touchdowns":0.009900990099009901,"position":"TE","salary":4000},"JohnnyMundt":{"AnyTime Touchdown Scorer":0.06666666666666667,"ToScore 2+ Touchdowns":0.009900990099009901,"position":"TE","salary":4000},"BreshadPerriman":{"AnyTime Touchdown Scorer":0.0625,"ToScore 2+ Touchdowns":0.009900990099009901,"position":"WR","salary":5600},"DamiereByrd":{"AnyTime Touchdown Scorer":0.0625,"ToScore 2+ Touchdowns":0.009900990099009901,"position":"WR","salary":5100},"NsimbaWebster":{"AnyTime Touchdown Scorer":0.0625,"ToScore 2+ Touchdowns":0.009900990099009901,"position":"WR","salary":4500},"BrycenHopkins":{"AnyTime Touchdown Scorer":0.058823529411764705,"position":"TE","salary":4200},"JesseJames":{"AnyTime Touchdown Scorer":0.05555555555555555,"ToScore 2+ Touchdowns":0.009900990099009901,"position":"TE","salary":4400}}