{"DarrellHenderson":{"AnyTime Touchdown Scorer":0.5348837209302325,"ToScore 2+ Touchdowns":0.16666666666666666,"PlayerReceiving Yds":13.095238095238097,"PlayerRushing Yds":56.04761904761905},"RobertWoods":{"AnyTime Touchdown Scorer":0.4444444444444444,"ToScore 2+ Touchdowns":0.1111111111111111,"PlayerReceiving Yds":65.47619047619048,"position":"WR","salary":6500,"totalPoints":10.103174603174605,"ratio":0.0015543345543345545},"DavidMontgomery":{"AnyTime Touchdown Scorer":0.4166666666666667,"ToScore 2+ Touchdowns":0.09523809523809523,"PlayerReceiving Yds":21.476190476190474,"PlayerRushing Yds":52.90476190476191,"position":"RB","salary":7100,"totalPoints":10.7,"ratio":0.0015070422535211267},"CooperKupp":{"AnyTime Touchdown Scorer":0.4,"ToScore 2+ Touchdowns":0.09090909090909091,"PlayerReceiving Yds":66.52380952380952,"position":"WR","salary":6200,"totalPoints":9.779653679653679,"ratio":0.0015773634967183353},"SonyMichel":{"AnyTime Touchdown Scorer":0.3508771929824561,"ToScore 2+ Touchdowns":0.07692307692307693,"PlayerRushing Yds":36.1355643788996,"position":"RB","salary":4800,"totalPoints":6.334204211169313,"ratio":0.0012181161944556371},"TylerHigbee":{"AnyTime Touchdown Scorer":0.3508771929824561,"ToScore 2+ Touchdowns":0.06666666666666667,"position":"TE","salary":5400,"totalPoints":2.63859649122807,"ratio":0.00048862897985705},"AllenRobinson":{"AnyTime Touchdown Scorer":0.3448275862068966,"ToScore 2+ Touchdowns":0.06666666666666667,"PlayerReceiving Yds":65.47619047619048},"DeSeanJackson":{"AnyTime Touchdown Scorer":0.2857142857142857,"ToScore 2+ Touchdowns":0.047619047619047616,"position":"WR","salary":5300,"totalPoints":2.095238095238095,"ratio":0.00039532794249775373},"ColeKmet":{"AnyTime Touchdown Scorer":0.2127659574468085,"ToScore 2+ Touchdowns":0.02857142857142857,"PlayerReceiving Yds":26.714285714285715,"position":"TE","salary":5100,"totalPoints":4.176595744680851,"ratio":0.0008189403420942845},"DarnellMooney":{"AnyTime Touchdown Scorer":0.18518518518518517,"ToScore 2+ Touchdowns":0.020833333333333332,"PlayerReceiving Yds":47.66666666666667,"position":"WR","salary":5500,"totalPoints":6.044444444444445,"ratio":0.001098989898989899},"DamienWilliams":{"AnyTime Touchdown Scorer":0.18181818181818182,"ToScore 2+ Touchdowns":0.017857142857142856,"position":"RB","salary":5000,"totalPoints":1.2337662337662336,"ratio":0.00024675324675324674},"JimmyGraham":{"AnyTime Touchdown Scorer":0.1694915254237288,"ToScore 2+ Touchdowns":0.017857142857142856,"position":"TE","salary":5000,"totalPoints":1.1598062953995156,"ratio":0.00023196125907990313},"LosAngeles Rams D/ST":{"AnyTime Touchdown Scorer":0.16666666666666666,"ToScore 2+ Touchdowns":0.014084507042253521},"VanJefferson":{"AnyTime Touchdown Scorer":0.14285714285714285,"ToScore 2+ Touchdowns":0.009900990099009901,"position":"WR","salary":4900,"totalPoints":0.9363507779349363,"ratio":0.00019109199549692576},"ChicagoD/ST":{"AnyTime Touchdown Scorer":0.125,"ToScore 2+ Touchdowns":0.009900990099009901},"MatthewStafford":{"AnyTime Touchdown Scorer":0.11764705882352941,"ToScore 2+ Touchdowns":0.009900990099009901,"PlayerPassing TDs":1.721149721149721,"PlayerPassing Yds":289.6666666666667,"position":"QB","salary":0},"MarquiseGoodwin":{"AnyTime Touchdown Scorer":0.11764705882352941,"ToScore 2+ Touchdowns":0.009900990099009901,"position":"WR","salary":4700,"totalPoints":0.7850902737332556,"ratio":0.0001670404837730331},"JakeFunk":{"AnyTime Touchdown Scorer":0.1111111111111111,"ToScore 2+ Touchdowns":0.009900990099009901,"position":"RB","salary":4600,"totalPoints":0.7458745874587458,"ratio":0.00016214664944755344},"TutuAtwell":{"AnyTime Touchdown Scorer":0.09523809523809523,"ToScore 2+ Touchdowns":0.009900990099009901,"position":"WR","salary":4600,"totalPoints":0.6506364922206506,"ratio":0.00014144271570014144},"KhalilHerbert":{"AnyTime Touchdown Scorer":0.08333333333333333,"ToScore 2+ Touchdowns":0.009900990099009901,"position":"RB","salary":4600,"totalPoints":0.5792079207920792,"ratio":0.00012591476538958242},"AndyDalton":{"AnyTime Touchdown Scorer":0.08333333333333333,"ToScore 2+ Touchdowns":0.009900990099009901,"PlayerRushing Yds":7.857142857142858,"PlayerPassing TDs":1.409445626836931,"PlayerPassing Yds":223.66666666666669,"position":"QB","salary":0},"JacobHarris":{"AnyTime Touchdown Scorer":0.06666666666666667,"ToScore 2+ Touchdowns":0.009900990099009901,"position":"TE","salary":4000,"totalPoints":0.47920792079207924,"ratio":0.00011980198019801981},"JohnnyMundt":{"AnyTime Touchdown Scorer":0.06666666666666667,"ToScore 2+ Touchdowns":0.009900990099009901,"position":"TE","salary":4000,"totalPoints":0.47920792079207924,"ratio":0.00011980198019801981},"BreshadPerriman":{"AnyTime Touchdown Scorer":0.0625,"ToScore 2+ Touchdowns":0.009900990099009901,"position":"WR","salary":3500,"totalPoints":0.4542079207920792,"ratio":0.00008110855728429987},"DamiereByrd":{"AnyTime Touchdown Scorer":0.0625,"ToScore 2+ Touchdowns":0.009900990099009901,"position":"WR","salary":5100,"totalPoints":0.4542079207920792,"ratio":0.00008906037662589789},"NsimbaWebster":{"AnyTime Touchdown Scorer":0.0625,"ToScore 2+ Touchdowns":0.009900990099009901,"position":"WR","salary":4500,"totalPoints":0.4542079207920792,"ratio":0.00010093509350935093},"BrycenHopkins":{"AnyTime Touchdown Scorer":0.058823529411764705,"position":"TE","salary":4200,"totalPoints":0.3529411764705882,"ratio":0.00008403361344537814},"JesseJames":{"AnyTime Touchdown Scorer":0.05555555555555555,"ToScore 2+ Touchdowns":0.009900990099009901,"position":"TE","salary":4400,"totalPoints":0.41254125412541254,"ratio":0.00009375937593759375}}